{
  "_fv": 43,
  "_type": "tag",
  "definition": {
    "type": "Items",
    "items": [
      {
        "value": "Items.PORKCHOP"
      },
      {
        "value": "Items.FISH#0"
      },
      {
        "value": "Items.BEEF"
      },
      {
        "value": "Items.MUTTON"
      },
      {
        "value": "Items.CHICKEN"
      },
      {
        "value": "Items.RABBIT"
      }
    ],
    "blocks": [],
    "functions": [],
    "entities": [],
    "name": "raw_tag",
    "namespace": "forge"
  }
}